EmployeeID,Full Name,Age,Gender,Department,Salary,JoiningDate,Email,Phone,City,Experience
101,08934492160d,28,03f8c1273e3d,IT,4520eeb3ad81,6111d807accf,f4ea04ede2b2,7619ee8cea49,Chennai,3
102,ab703d9bda5a,35,e8cca808ae5a,HR,7d1691e627a9,f9851a2e13df,26b841ea99e9,6a761fe7202f,Mumbai,7
103,951ec7429bd8,28,03f8c1273e3d,IT,4520eeb3ad81,6111d807accf,f4ea04ede2b2,7619ee8cea49,Chennai,3
104,2c1ac45af779,,03f8c1273e3d,Finance,265f10e1bf87,06810de39ab9,7a255a54e4e3,116a28a7f48a,Delhi,8
105,ce9c3474beff,27,e8cca808ae5a,Marketing,5d1dbce82e13,82115f9c2546,9145eb9c8862,008a73ad020a,Bangalore,2
106,999773f5f992,45,03f8c1273e3d,IT,937377f05616,aeb78f7e1593,9eb06fd906e9,e60ca3d925d9,Hyderabad,12
107,53b1a71de4b7,31,f67ab10ad4e4,HR,40400a465f34,b8be3936fe79,1b22238dcc25,33c218c56a12,Kochi,5
108,2096473abe8c,38,03f8c1273e3d,Finance,265f10e1bf87,06810de39ab9,7a255a54e4e3,116a28a7f48a,Delhi,8
109,209b156d82b9,,03f8c1273e3d,IT,99b7424d371c,fd021c4edf27,38eb123993f7,73e7598c2a41,Pune,1
110,6780d15989c2,29,e8cca808ae5a,Marketing,e3b0c44298fc,08dbfb4c55e3,e5d0297dfd67,e1282cc2e2c6,Chennai,3
111,3d6cf12f3a16,52,03f8c1273e3d,HR,593c2e39c95c,2741bef2a0ed,8d97d4309c1a,b7caa945a866,Coimbatore,15
112,ce0b22f05dbe,26,e8cca808ae5a,Finance,5872238ba924,2d0c12443ba2,c1dff29b32b0,0b940fdc24ec,Jaipur,1
113,c58d2b5da472,41,03f8c1273e3d,IT,bc2254c83424,3679de0acc25,880d09eb6fe4,398f4ba55065,Kolkata,10
114,e3b0c44298fc,33,e8cca808ae5a,Marketing,c8cbd4a9c6e5,63d7b6073519,e3b0c44298fc,5e2e28982559,Hyderabad,6
115,9363a7f6df73,30,03f8c1273e3d,Finance,fbf23efcb4c0,4697024c21a1,6bb7fc5bf09c,ca1d3467e07f,Ahmedabad,4
116,60d076a32b6c,44,e8cca808ae5a,HR,61b8fa28b260,a0e143e8083a,c165e5d7fc8f,89d8b7c49eed,Chennai,13
117,7b0b1ea5bf0e,23,03f8c1273e3d,IT,be86c032eae5,7ed331e6daac,681a49f112d2,abab1d589985,Mumbai,0
118,e5c6216f895c,36,e8cca808ae5a,Marketing,614fcb34db52,2cbee60ba4ec,73aeb5bc8dee,d85d3677247f,Delhi,7
119,3d6cf12f3a16,52,03f8c1273e3d,HR,593c2e39c95c,2741bef2a0ed,8d97d4309c1a,b7caa945a866,Coimbatore,15
120,ac097467638a,29,08f271887ce9,IT,60734f174b20,97da70387be7,cc6694aea5b5,7256761e3801,Bangalore,2
121,b94f70c028c5,34,e8cca808ae5a,Finance,a5825a3e4f41,68ce966b70b1,62b9144406d4,a26e0f7e505d,Pune,8
122,fd8e06b89099,47,03f8c1273e3d,HR,47b25095a0fe,eb6886f4a91f,a1ba120e1cef,ce10c4eeff48,Chennai,14
123,baa58ed6d7b6,25,e8cca808ae5a,Marketing,e2f79e5b6033,24cca241c093,6a88e4a2c79f,29440d21860d,Kochi,1
124,2d426be6a607,39,03f8c1273e3d,IT,03170c93d53f,1c579ef54a04,f4f1d1a833d8,2520763576c0,Delhi,10
125,077fa2ed30f5,28,e8cca808ae5a,Finance,5520c66a88db,df489d280234,e2b5aece6639,5850689a0d4d,Mumbai,3
,,,,,,,,,,