id,country_code,country_name
1,AF,5dbddf911f9e
2,AX,6fc656b17a3b
3,AL,1af00b874ff3
4,DZ,30e230229746
5,AS,1eb48c03805a
6,AD,3e340be4de18
7,AO,22b965328179
8,AI,a4a0c7e7b76d
9,AQ,c43f33f0578d
10,AG,100c4768d37d
11,AR,ea0b937ea317
12,AM,2ddc5634ff5e
13,AW,b566255eb054
14,AU,c1ef40ce0484
15,AT,c9cab0238deb
16,AZ,efa9150afdea
17,ST,822041757fc7
18,BS,58f91a2aeffd
19,BH,94b2859b913c
20,BD,2f1d47eb679b
21,BB,8e8dfae9b752
22,BY,4bef16df1755
23,BE,348841ef53db
24,BZ,71dc81f13c2d
25,BJ,69d0a7b84cd1
26,BT,d889e2172a21
27,BO,9621c0736440
28,BA,b0772b9c5500
29,BW,1672f60c3a9a
30,BV,f6b5c9fb14a2
31,BR,07f62b021771
32,VG,0c47ddaf993c
33,IO,397d494b007d
34,BN,f196e55ef16d
35,BG,66b86bf0f045
36,BF,a564371ac0f2
37,BI,c835bd1c4578
38,KH,0c2cb01a2da1
39,CM,085807f22f69
40,CA,be55ef3f4c4e
41,CV,9fa6f2daa567
42,KY,83f2b333646e
43,CF,e509cda4c446
44,TD,4256e512fcfb
45,CL,f5273e236d49
46,CN,10436829032f
47,HK,b1afb9e44881
48,CR,e26742d7cdd9
49,MO,632cccb1d120
50,CX,10d025c203be
51,CC,b8e56e41ad28
52,CO,6b615adb1300
53,KM,e814fdb45fd4
54,CD,ab5e8b12f5ab
55,CK,56850f3e9cb3
56,CI,95ffc51dd938
57,HR,7328d3f829b7
58,CU,0d0b4e410222
59,CY,5f1162c57ecf
60,CZ,1c769ecb9e80
61,DK,c52709757760
62,DJ,4678a57b3091
63,DM,be2a7f5684fd
64,DO,81e884cb2e85
65,EC,2ca26c60fe02
66,EG,557c1599d9a0
67,SV,c408d26c1ec1
68,GQ,8994687843a3
69,ER,01bc40093900
70,EE,10aeba697f6b
71,ET,7d94977e033d
72,FK,6e0447c9a587
73,FO,773ca4d61809
74,FJ,679c02dcd2ba
75,FI,aed8f531aa7e
76,FR,7a1ca4ef7515
77,GF,2b457cd87edb
78,PF,0b6e276f2d4f
79,TF,e05911526123
80,GA,7e222a78e771
81,GM,c6e681b1968d
82,GE,4691492179d2
83,DE,80db4ccdca10
84,GH,583201c1efbf
85,GI,097ced582f09
86,GR,9c93ad439373
87,GL,48e10296ae1f
88,GD,0593aa0c8ed5
89,GP,35c9de3c639a
90,GU,5c4b321ecb42
91,GT,45a15a2470e1
92,GG,b9c48cb1fe9a
93,GN,dd591d77ea53
94,GW,75e8f462f9da
95,GY,ea3bfc26fa5c
96,HT,d090b87e4a3b
97,HM,090d05254e0c
98,VA,75485a781484
99,HN,b79b5f97bc67
100,HU,504be3084f44
101,IS,595d6d914950
102,FM,4cae1724a8ed
103,RE,7cdf573b0c84
104,ID,dbc74a36d8e7
105,IR,011f7664ae96
106,IQ,de5008d194a7
107,IE,02bf1dfa9a03
108,IM,34096f96f68f
109,IL,3552ac0c0324
110,IT,5a9cf672c8be
111,JM,42c298ba17fe
112,JP,647294383b2c
113,JE,764a8c04ad45
114,JO,e8bfe1ed6935
115,MD,14ad63a1c63f
116,KZ,75c02b8d2f91
117,KE,74e1891dc615
118,KI,819123146c09
119,KP,4496551a74c7
120,KR,f6b0c828b283
121,KW,10c3c2e2edc1
122,KG,6f189bf077b6
123,LA,9e614ab5cf0c
124,LV,988c8160b754
125,LB,e34dd616b94b
126,LS,5c2e4745c608
127,LR,c9d2604dd518
128,LY,2aa2fcef50db
129,LI,6ff080c07894
130,LT,5c83a631bce2
131,LU,ed76f191621c
132,MK,01c5253160c3
133,MG,d6804464c5f4
134,MW,611025cdde0a
135,MY,084504165b07
136,MV,8fb54471a4b8
137,BM,79c89fd457dc
138,ML,ee5721a5a60b
139,MT,71e9eb10755c
140,MH,fe33c925ce22
141,MQ,c65906dc7ccb
142,MR,bfb0c8d36f4a
143,MU,aa8057ecb40b
144,YT,d08b4a0f0dcd
145,MX,a7d355b26bda
146,MC,935018cc4153
147,MN,99a7c065a730
148,ME,7ab597e1b5cc
149,MS,127bcfe97660
150,MA,b675f5df5fe6
151,MZ,c9054826f71c
152,MM,ba2039a4cf69
153,NA,ea5bd39848d8
154,NR,57e900885d44
155,NP,e15a18aadcac
156,NL,3a386c13d283
157,AN,b0f6ee402454
158,NC,be60011f5621
159,NZ,2898e16d4e4e
160,NI,94e6bd574b6e
161,NE,2cbebc541f98
162,NG,04952a0f984d
163,NU,4956c2090fd7
164,NF,4d0dfb877f2e
165,MP,66545d35b3df
166,NO,bea54a349795
167,OM,c3ce4bf88db5
168,PK,e2567312ec53
169,PW,7fa64773dcd6
170,PS,9cf5000598a4
171,PA,c3668f581289
172,PG,c65742ceb289
173,PY,7fb4d179ec62
174,PE,508731a3c5d3
175,PH,c3782c86d809
176,PN,0f8a1e6a289a
177,PT,4c7de2c3da6d
178,PR,d9aa43ead5f1
179,QA,55ccc5014f2a
180,RO,ea23726dd0fd
181,RU,45855688011b
182,RW,12c8f8f4912c
183,BL,c6f175512482
184,SH,794308ddc9fe
185,KN,0e89123f46fc
186,LC,abe06aae4495
187,MF,22193be10e15
188,PM,0d7ea61e3cce
189,VC,d202bb032eed
190,WS,0ea781cd42b6
191,SM,230450a2499d
192,SA,ed9ad13611d7
193,SN,364e5f6525c7
194,RS,e8739c839576
195,SC,d1d633208511
196,SL,f405b98d5ffc
197,SG,c96dd81db196
198,SK,a2ea3384e02f
199,SI,56059e7fb4e9
200,SB,cff4c58de0ba
201,SO,bd05d324d8a3
202,ZA,3e049d78d958
203,GS,baf802b25296
204,SS,8fe5a93113d7
205,ES,8ef41e6f4b07
206,LK,07f8d1144a39
207,SD,ed68d4def1af
208,SR,b1cb8eac5b31
209,SJ,f5960c8a03bb
210,SZ,188105584fae
211,SE,853637136575
212,CH,2275583196d7
213,SY,2a78b5faa215
214,TW,f89c85b6cab9
215,TJ,066b02130b7e
216,TZ,557d7355f47a
217,TH,6e49e65081b2
218,IN,abd149214539
219,CG,a398444f5a8e
220,PL,7f69649ad704
221,TL,6303e8471825
222,TG,4080343ee0fe
223,TK,39fc1503a769
224,TO,310bc3250979
225,TT,0c0177b53747
226,TN,4609682a2f3d
227,TR,07c67d76ef92
228,TM,b3dfc8505d59
229,TC,8cef06ec5103
230,TV,30b1ff9aeeeb
231,UG,893d538563bc
232,UA,580eedc669f3
233,AE,dd64913c8b91
234,GB,8d23a6e37e0a
235,US,dbab41120f92
236,UM,8f6e08aef395
237,UY,fe2403f25e8f
238,UZ,4bc2f1c23b3d
239,VU,c5b2a6de9d5a
240,VE,85c96371bb30
241,VN,6ca41f1b6108
242,VI,fc2ae7052662
243,WF,6e00b8f7011b
244,EH,89b94e523fb5
245,YE,21c1903af254
246,ZM,b5f9221ae041
247,ZW,c72199a85b54
,,